{
  "config": {
    "dataset_name": "banknote",
    "test_size": 0.3,
    "random_state": 42,
    "rejection_cost": 0.24,
    "subsample_size": null
  },
  "thresholds": {
    "t_plus": 0.01,
    "t_minus": -0.3482220816338796,
    "rejection_zone_width": 0.3582220816338796
  },
  "performance": {
    "accuracy_without_rejection": 61.40776699029126,
    "accuracy_with_rejection": 94.73684210526316,
    "rejection_rate": 58.495145631067956,
    "num_test_instances": 412,
    "num_rejected": 241,
    "num_accepted": 171
  },
  "explanation_stats": {
    "positive": {
      "count": 21,
      "min_length": 2,
      "mean_length": 3.380952380952381,
      "max_length": 4,
      "std_length": 0.5753831415997415
    },
    "negative": {
      "count": 150,
      "min_length": 2,
      "mean_length": 2.7933333333333334,
      "max_length": 4,
      "std_length": 0.6249977777738271
    },
    "rejected": {
      "count": 241,
      "min_length": 2,
      "mean_length": 2.7427385892116183,
      "max_length": 4,
      "std_length": 0.6695815022056203
    }
  },
  "computation_time": {
    "total": 80.85973530006615,
    "mean_per_instance": 0.19626149344676203,
    "positive": 0.14180469524026626,
    "negative": 0.1491443593334407,
    "rejected": 0.23033270871371062
  },
  "top_features": [
    {
      "feature": "variance",
      "count": 412
    },
    {
      "feature": "skewness",
      "count": 373
    },
    {
      "feature": "curtosis",
      "count": 195
    },
    {
      "feature": "entropy",
      "count": 171
    }
  ],
  "model": {
    "type": "LogisticRegression",
    "num_features": 4,
    "class_names": [
      "Autêntica",
      "Falsificada"
    ],
    "coefs": [
      -0.5656688370935852,
      -0.31683395872938175,
      0.1125288068112902,
      0.06876666326225822
    ],
    "intercept": 0.13399869808979759,
    "scaler_params": {
      "min": [
        0.5078352046960749,
        0.5153696767409924,
        0.22537408234780695,
        0.8001310431974541
      ],
      "scale": [
        0.07211417115577383,
        0.037418567841734425,
        0.043209049703369876,
        0.09360228389572707
      ]
    }
  }
}