{
  "banknote": {
    "arquivo": "banknote.json",
    "nome": "banknote",
    "instancias": 412,
    "features": 4,
    "t_plus": 0.01,
    "t_minus": -0.3505522298713733,
    "zona_rejeicao": 0.3605522298713733,
    "taxa_rejeicao": 58.7378640776699,
    "acuracia": 94.70588235294117,
    "acuracia_sem_rej": 61.40776699029126
  },
  "vertebral_column": {
    "arquivo": "vertebral_column.json",
    "nome": "vertebral_column",
    "instancias": 93,
    "features": 6,
    "t_plus": 1.0951439757658799,
    "t_minus": -0.07414164344260536,
    "zona_rejeicao": 1.1692856192084853,
    "taxa_rejeicao": 37.634408602150536,
    "acuracia": 86.20689655172413,
    "acuracia_sem_rej": 76.34408602150538
  },
  "pima_indians_diabetes": {
    "arquivo": "pima_indians_diabetes.json",
    "nome": "pima_indians_diabetes",
    "instancias": 231,
    "features": 8,
    "t_plus": 0.0742754826848647,
    "t_minus": -0.01,
    "zona_rejeicao": 0.08427548268486469,
    "taxa_rejeicao": 1.2987012987012987,
    "acuracia": 75.0,
    "acuracia_sem_rej": 74.45887445887446
  },
  "heart_disease": {
    "arquivo": "heart_disease.json",
    "nome": "heart_disease",
    "instancias": 90,
    "features": 13,
    "t_plus": 0.1868980476283751,
    "t_minus": -0.10928101492574996,
    "zona_rejeicao": 0.29617906255412507,
    "taxa_rejeicao": 42.22222222222222,
    "acuracia": 96.15384615384616,
    "acuracia_sem_rej": 85.55555555555556
  },
  "creditcard": {
    "arquivo": "creditcard.json",
    "nome": "creditcard",
    "instancias": 854,
    "features": 29,
    "t_plus": 0.6134456882812429,
    "t_minus": -0.01,
    "zona_rejeicao": 0.6234456882812429,
    "taxa_rejeicao": 0.0,
    "acuracia": 100.0,
    "acuracia_sem_rej": 100.0
  },
  "breast_cancer": {
    "arquivo": "breast_cancer.json",
    "nome": "breast_cancer",
    "instancias": 171,
    "features": 30,
    "t_plus": 0.9665149683549802,
    "t_minus": -0.01,
    "zona_rejeicao": 0.9765149683549802,
    "taxa_rejeicao": 19.883040935672515,
    "acuracia": 98.54014598540147,
    "acuracia_sem_rej": 93.56725146198829
  },
  "covertype": {
    "arquivo": "covertype.json",
    "nome": "covertype",
    "instancias": 742,
    "features": 54,
    "t_plus": 0.2476109156914711,
    "t_minus": -0.18878643850458765,
    "zona_rejeicao": 0.43639735419605874,
    "taxa_rejeicao": 11.185983827493262,
    "acuracia": 79.21092564491654,
    "acuracia_sem_rej": 76.68463611859838
  },
  "spambase": {
    "arquivo": "spambase.json",
    "nome": "spambase",
    "instancias": 1381,
    "features": 57,
    "t_plus": 0.30269094351271986,
    "t_minus": -0.47593020503869643,
    "zona_rejeicao": 0.7786211485514163,
    "taxa_rejeicao": 68.21144098479363,
    "acuracia": 94.98861047835992,
    "acuracia_sem_rej": 62.27371469949312
  },
  "sonar": {
    "arquivo": "sonar.json",
    "nome": "sonar",
    "instancias": 63,
    "features": 60,
    "t_plus": 0.25964069778992,
    "t_minus": -0.01,
    "zona_rejeicao": 0.26964069778992,
    "taxa_rejeicao": 71.42857142857143,
    "acuracia": 94.44444444444444,
    "acuracia_sem_rej": 68.25396825396825
  },
  "mnist": {
    "arquivo": "mnist_3_vs_8.json",
    "nome": "mnist",
    "instancias": 41,
    "features": 784,
    "t_plus": 0.8243591741814754,
    "t_minus": -1.3092169985289352,
    "zona_rejeicao": 2.1335761727104106,
    "taxa_rejeicao": 7.317073170731707,
    "acuracia": 94.73684210526315,
    "acuracia_sem_rej": 90.2439024390244
  }
}