{
    "peab_v2": {
        "pima_indians_diabetes": {
            "acuracia_sem_rejeicao": 74.45887445887446,
            "taxa_rejeicao": 24.675324675324674,
            "stats_explicacao_positiva": {
                "media": 4.225,
                "std_dev": 1.2547410091329605,
                "min": 2,
                "max": 8
            },
            "stats_explicacao_negativa": {
                "media": 4.7164179104477615,
                "std_dev": 1.1036705401394717,
                "min": 2,
                "max": 8
            },
            "stats_explicacao_rejeitada": {
                "media": 6.157894736842105,
                "std_dev": 0.8743814592545343,
                "min": 5,
                "max": 8
            }
        },
        "vertebral_column": {
            "acuracia_sem_rejeicao": 76.34408602150538,
            "taxa_rejeicao": 27.956989247311824,
            "stats_explicacao_positiva": {
                "media": 3.6,
                "std_dev": 0.8485281374238571,
                "min": 2,
                "max": 5
            },
            "stats_explicacao_negativa": {
                "media": 5.411764705882353,
                "std_dev": 0.49215295678475035,
                "min": 5,
                "max": 6
            },
            "stats_explicacao_rejeitada": {
                "media": 5.076923076923077,
                "std_dev": 0.2664693550105965,
                "min": 5,
                "max": 6
            }
        },
        "mnist": {
            "acuracia_sem_rejeicao": 95.23809523809523,
            "taxa_rejeicao": 4.285714285714286,
            "stats_explicacao_positiva": {
                "media": 165.0108695652174,
                "std_dev": 33.15919918436216,
                "min": 115,
                "max": 269
            },
            "stats_explicacao_negativa": {
                "media": 131.77064220183487,
                "std_dev": 35.210672127888564,
                "min": 96,
                "max": 263
            },
            "stats_explicacao_rejeitada": {
                "media": 459.1111111111111,
                "std_dev": 21.173591751385047,
                "min": 436,
                "max": 500
            }
        }
    }
}