{
  "config": {
    "dataset_name": "banknote",
    "test_size": 0.3,
    "random_state": 42,
    "rejection_cost": 0.24,
    "subsample_size": null
  },
  "thresholds": {
    "t_plus": 0.01,
    "t_minus": -0.3482220816338796,
    "rejection_zone_width": 0.3582220816338796
  },
  "performance": {
    "accuracy_without_rejection": 61.40776699029126,
    "accuracy_with_rejection": 94.73684210526315,
    "rejection_rate": 58.495145631067956,
    "num_test_instances": 412,
    "num_rejected": 241,
    "num_accepted": 171
  },
  "explanation_stats": {
    "positive": {
      "count": 21,
      "min_length": 4,
      "mean_length": 4.0,
      "max_length": 4,
      "std_length": 0.0
    },
    "negative": {
      "count": 150,
      "min_length": 1,
      "mean_length": 1.0,
      "max_length": 1,
      "std_length": 0.0
    },
    "rejected": {
      "count": 241,
      "min_length": 1,
      "mean_length": 1.045643153526971,
      "max_length": 4,
      "std_length": 0.3438730183419198
    }
  },
  "computation_time": {
    "total": 35.35436989960726,
    "mean_per_instance": 0.08581157742623122,
    "positive": 0.7265412809626598,
    "negative": 0.039390811328000076,
    "rejected": 0.058872951453076326
  },
  "top_features": [
    {
      "feature": "skewness",
      "count": 220
    },
    {
      "feature": "variance",
      "count": 153
    },
    {
      "feature": "curtosis",
      "count": 85
    },
    {
      "feature": "entropy",
      "count": 28
    }
  ],
  "model": {
    "type": "LogisticRegression",
    "num_features": 4,
    "class_names": [
      "Autêntica",
      "Falsificada"
    ],
    "coefs": [
      -0.5656688370935852,
      -0.31683395872938175,
      0.1125288068112902,
      0.06876666326225822
    ],
    "intercept": 0.13399869808979759,
    "scaler_params": {
      "min": [
        0.5078352046960749,
        0.5153696767409924,
        0.22537408234780695,
        0.8001310431974541
      ],
      "scale": [
        0.07211417115577383,
        0.037418567841734425,
        0.043209049703369876,
        0.09360228389572707
      ]
    }
  }
}