{
  "config": {
    "dataset_name": "wine",
    "test_size": 0.3,
    "random_state": 42,
    "rejection_cost": 0.24,
    "subsample_size": null
  },
  "thresholds": {
    "t_plus": 0.5656737266768507,
    "t_minus": -0.5,
    "rejection_zone_width": 1.0656737266768506
  },
  "performance": {
    "accuracy_without_rejection": 66.66666666666666,
    "accuracy_with_rejection": 100.0,
    "rejection_rate": 100.0,
    "num_test_instances": 54,
    "num_rejected": 54,
    "num_accepted": 0
  },
  "explanation_stats": {
    "positive": {
      "count": 0,
      "min_length": 0,
      "mean_length": 0.0,
      "max_length": 0,
      "std_length": 0.0
    },
    "negative": {
      "count": 0,
      "min_length": 0,
      "mean_length": 0.0,
      "max_length": 0,
      "std_length": 0.0
    },
    "rejected": {
      "count": 54,
      "min_length": 1,
      "mean_length": 1.0,
      "max_length": 1,
      "std_length": 0.0
    }
  },
  "computation_time": {
    "total": 2.3928438001021277,
    "mean_per_instance": 0.044311922224113474,
    "positive": 0.0,
    "negative": 0.0,
    "rejected": 0.044311922224113474
  },
  "top_features": [
    {
      "feature": "proline",
      "count": 54
    }
  ],
  "model": {
    "type": "LogisticRegression",
    "num_features": 13,
    "class_names": [
      "class_0",
      "Não-class_0"
    ],
    "coefs": [
      -0.013207637401538304,
      0.07124368639384696,
      0.05070922247284642,
      0.11920888124483253,
      0.013046976400842857,
      -0.013667505393770334,
      -0.04478332157974984,
      0.10854443880981611,
      0.021129428204744432,
      0.023074518229473047,
      0.01588135401191485,
      -0.009724698490919578,
      -0.06804093882587549
    ],
    "intercept": 0.13225482919452855,
    "scaler_params": {
      "min": [
        -2.9026315789473673,
        -0.14624505928853757,
        -0.7311827956989247,
        -0.5921787709497207,
        -0.7608695652173912,
        -0.33793103448275863,
        -0.09999999999999999,
        -0.26,
        -0.13291139240506328,
        -0.1092150170648464,
        -0.4615384615384616,
        -0.4904942965779468,
        -0.22473726758286175
      ],
      "scale": [
        0.26315789473684204,
        0.19762845849802374,
        0.5376344086021505,
        0.0558659217877095,
        0.010869565217391304,
        0.3448275862068966,
        0.2941176470588235,
        2.0,
        0.3164556962025316,
        0.08532423208191126,
        0.8547008547008548,
        0.3802281368821293,
        0.0008084074373484236
      ]
    }
  }
}