{
  "dataset": "pima_indians_diabetes",
  "instancia": 16,
  "classe_real": "Diabético",
  "classe_predita": "Rejeitada",
  "score": 0.40377343555145906,
  "status": "REJEITADA",
  "thresholds": {
    "t_plus": 0.5516045515975501,
    "t_minus": -0.7565949890605769
  },
  "intercepto": -7.717096315457622,
  "acuracia_global": 82.75862068965517,
  "features": {
    "num_gravidezes": {
      "valor_original": 0.0,
      "valor_escalonado": 0.0,
      "peso": 2.2004444513454193,
      "contribuicao": 0.0
    },
    "glicose": {
      "valor_original": 131.0,
      "valor_escalonado": 0.6616161616161617,
      "peso": 6.718124384308161,
      "contribuicao": 4.444819668405905
    },
    "pressao_sangue": {
      "valor_original": 0.0,
      "valor_escalonado": 0.0,
      "peso": -1.1358834066505783,
      "contribuicao": -0.0
    },
    "espessura_pele": {
      "valor_original": 0.0,
      "valor_escalonado": 0.0,
      "peso": -0.12306452312434635,
      "contribuicao": -0.0
    },
    "insulina": {
      "valor_original": 0.0,
      "valor_escalonado": 0.0,
      "peso": -0.3656140014914121,
      "contribuicao": -0.0
    },
    "imc": {
      "valor_original": 43.2,
      "valor_escalonado": 0.6438152011922504,
      "peso": 5.447884922193201,
      "contribuicao": 3.5074311272540433
    },
    "diabetes_pedigree": {
      "valor_original": 0.27,
      "valor_escalonado": 0.08285077951002227,
      "peso": 1.5046948693588431,
      "contribuicao": 0.12466514285111129
    },
    "idade": {
      "valor_original": 26.0,
      "valor_escalonado": 0.08333333333333337,
      "peso": 0.5274457499762587,
      "contribuicao": 0.04395381249802158
    }
  }
}