{
  "dataset": "iris",
  "instancia": 2,
  "classe_real": "setosa",
  "classe_predita": "setosa",
  "score": -1.456682670141891,
  "status": "ACEITA - CLASSE 0 (NEGATIVA)",
  "thresholds": {
    "t_plus": 0.4259802116142438,
    "t_minus": 0.4259802116142438
  },
  "intercepto": -0.9174877466519891,
  "acuracia_global": 100.0,
  "features": {
    "sepal length (cm)": {
      "valor_original": 5.2,
      "valor_escalonado": 0.25,
      "peso": 1.358641978429248,
      "contribuicao": 0.339660494607312
    },
    "sepal width (cm)": {
      "valor_original": 3.4,
      "valor_escalonado": 0.5833333333333333,
      "peso": -1.946557279174578,
      "contribuicao": -1.1354917461851703
    },
    "petal length (cm)": {
      "valor_original": 1.4,
      "valor_escalonado": 0.05172413793103445,
      "peso": 2.767338695729088,
      "contribuicao": 0.14313820839978034
    },
    "petal width (cm)": {
      "valor_original": 0.2,
      "valor_escalonado": 0.04166666666666667,
      "peso": 2.723954872516226,
      "contribuicao": 0.1134981196881761
    }
  }
}