{
  "dataset": "pima_indians_diabetes",
  "instancia": 135,
  "classe_real": "Diabético",
  "classe_predita": "Diabético",
  "score": 3.951539172488813,
  "status": "ACEITA - CLASSE 1 (POSITIVA)",
  "thresholds": {
    "t_plus": 0.46733232813256265,
    "t_minus": -0.668431216320065
  },
  "intercepto": -7.717096315457622,
  "acuracia_global": 74.45887445887446,
  "features": {
    "num_gravidezes": {
      "valor_original": 0.0,
      "valor_escalonado": 0.0,
      "peso": 2.2004444513454193,
      "contribuicao": 0.0
    },
    "glicose": {
      "valor_original": 180.0,
      "valor_escalonado": 0.9090909090909092,
      "peso": 6.718124384308161,
      "contribuicao": 6.10738580391651
    },
    "pressao_sangue": {
      "valor_original": 78.0,
      "valor_escalonado": 0.639344262295082,
      "peso": -1.1358834066505783,
      "contribuicao": -0.7262205386782387
    },
    "espessura_pele": {
      "valor_original": 63.0,
      "valor_escalonado": 1.05,
      "peso": -0.12306452312434635,
      "contribuicao": -0.12921774928056368
    },
    "insulina": {
      "valor_original": 14.0,
      "valor_escalonado": 0.01881720430107527,
      "peso": -0.3656140014914121,
      "contribuicao": -0.00687983336139754
    },
    "imc": {
      "valor_original": 59.4,
      "valor_escalonado": 0.8852459016393444,
      "peso": 5.447884922193201,
      "contribuicao": 4.82271779997431
    },
    "diabetes_pedigree": {
      "valor_original": 2.42,
      "valor_escalonado": 1.0405345211581292,
      "peso": 1.5046948693588431,
      "contribuicao": 1.5656869553773975
    },
    "idade": {
      "valor_original": 25.0,
      "valor_escalonado": 0.06666666666666671,
      "peso": 0.5274457499762587,
      "contribuicao": 0.03516304999841727
    }
  }
}